{"_id":{"$oid":"57e2b612fea3b2c554a415ec"},"tr_area_state_name":"Сухое","suffer_amount":"1","region_code":"1177","motion_influences":[{"mt_inf_name":"Оказание влияния на движение транспортного потока или отдельного транспортного средства наличия или внезапного появления на проезжей части животных","mt_inf_code":"19"}],"place_id":{"$numberLong":"147137163000259"},"datetime":{"$numberLong":"146926776000000"},"em_moment_time":"12:56","hidden_by_okato":false,"mchs_actions":[""],"type":"Опрокидывание","em_type_code":"2","is_hidden":false,"loss_amount":"0","light_type_name":"Светлое время суток","light_type_code":"1","road_name":"подъездная дорога от г. Анадыря к аэропорту Анадыря (Угольный) ","from_mia":true,"road_drawbacks":[{"drawback_code":"00","drawback_name":"Отсутствие недостатков транспортно-эксплуатационного состояния проезжей части"}],"loss_child_amount":"0","author":null,"participants":[{"part_type_code":"01","person_infos":[""],"person_birthday":"07.07.1976","hv_type_code":"01","person_sex":"1","legal_opinions":[""],"part_type_name":"Водитель","main_pdd_derangements":[{"derang_code":"19","derang_name":"Несоответствие скорости конкретным условиям движения"}],"vl_sort":"1","person_sort":"1","driver_service_length":"4","hv_type_name":"Не пострадал","person_sex_name":"мужской","attendant_pdd_derangements":[{"derang_code":"00","derang_name":"Не нарушал ПДД"}]},{"part_type_code":"02","person_infos":[""],"person_birthday":"18.06.1968","hv_type_code":"11","person_sex":"1","legal_opinions":[""],"part_type_name":"Пассажир","main_pdd_derangements":[{"derang_code":"00","derang_name":"Не нарушал ПДД"}],"vl_sort":"1","person_sort":"2","driver_service_length":"","hv_type_name":"Получил травмы с оказанием разовой медицинской помощи, к категории раненый не относится","person_sex_name":"мужской","attendant_pdd_derangements":[{"derang_code":"00","derang_name":"Не нарушал ПДД"}]},{"part_type_code":"02","person_infos":[""],"person_birthday":"19.09.1981","hv_type_code":"21","person_sex":"1","legal_opinions":[""],"part_type_name":"Пассажир","main_pdd_derangements":[{"derang_code":"00","derang_name":"Не нарушал ПДД"}],"vl_sort":"1","person_sort":"3","driver_service_length":"","hv_type_name":"Раненый, находящийся(находившийся) на амбулаторном лечении, либо которому по характеру полученных травм обозначена необходимость амбулаторного лечения(вне зависимости от его фактического прохождения)","person_sex_name":"мужской","attendant_pdd_derangements":[{"derang_code":"00","derang_name":"Не нарушал ПДД"}]},{"part_type_code":"02","person_infos":[""],"person_birthday":"02.06.1991","hv_type_code":"01","person_sex":"1","legal_opinions":[""],"part_type_name":"Пассажир","main_pdd_derangements":[{"derang_code":"00","derang_name":"Не нарушал ПДД"}],"vl_sort":"1","person_sort":"4","driver_service_length":"","hv_type_name":"Не пострадал","person_sex_name":"мужской","attendant_pdd_derangements":[{"derang_code":"00","derang_name":"Не нарушал ПДД"}]},{"part_type_code":"02","person_infos":[""],"person_birthday":"20.11.1972","hv_type_code":"01","person_sex":"1","legal_opinions":[""],"part_type_name":"Пассажир","main_pdd_derangements":[{"derang_code":"00","derang_name":"Не нарушал ПДД"}],"vl_sort":"1","person_sort":"5","driver_service_length":"","hv_type_name":"Не пострадал","person_sex_name":"мужской","attendant_pdd_derangements":[{"derang_code":"00","derang_name":"Не нарушал ПДД"}]}],"mark":-3,"infractions":["Несоответствие скорости конкретным условиям движения"],"num_of_victim":1,"mt_rate_code":"1","em_place_latitude":"64.7356","road_type_code":"6","there_road_constructions":[""],"geo_code":{"latitude":64.7356,"longitude":177.5025},"here_road_constructions":[{"rd_constr_name":"Перегон (нет объектов на месте ДТП)","rd_constr_code":"00"}],"road_significance_code":"1","region_name":"Чукотский автономный округ","em_moment_date":"23.07.2016","road_loc_m":"300","meteo_clouds":[""],"place_path":"ДВФО, Чукотский автономный округ, Анадырский район, Угольные Копи","vehicles":[{"rudder_type_name":"Полноприводный (правый руль)","tyre_type_code":"2","rudder_type_code":"6","damage_dispositions":[{"disp_code":"03","disp_name":"Правая сторона"},{"disp_code":"04","disp_name":"Задняя правая часть"},{"disp_code":"05","disp_name":"Задняя часть"}],"vl_sort":"1","tyre_type_name":"Всесезонные","prod_type_name":"Минивэны и универсалы повышенной вместимости","technical_failures":[{"fail_type_code":"00","fail_type_name":"Технические неисправности отсутствуют"}],"okfs_code":"06","optional_equipments":[""],"okfs_name":"Частная собственность","prod_type_code":"16","vl_year":"1991"}],"em_place_longitude":"177.5025","road_type_name":"категория IV","suffer_child_amount":"0","technical_equipments":["",""],"address":"ДВФО, Чукотский автономный округ, Анадырский район, Угольные Копи","road_loc":"2","tr_area_state_code":"1","transp_amount":"1","gai_actions":[""],"num_of_fatalities":0,"okato_code":"77203557000","mt_rate_name":"Режим движения не изменялся","num_of_party":0,"created_at":{"$numberLong":"147137163000259"},"road_code":"002384","num_of_vehicle":1,"em_type_name":"Опрокидывание","road_significance_name":"Федеральная (дорога федерального значения)"}
{"_id":{"$oid":"57e2b630fea3b2c554a45e28"},"tr_area_state_name":"Сухое","suffer_amount":"1","region_code":"1177","motion_influences":[{"mt_inf_name":"Факторы отсутствуют","mt_inf_code":"0"}],"place_id":{"$numberLong":"146661866578229"},"datetime":{"$numberLong":"143138640000000"},"em_moment_time":"02:20","hidden_by_okato":false,"type":"Опрокидывание","em_type_code":"2","is_hidden":false,"loss_amount":"0","light_type_name":"Светлое время суток","light_type_code":"1","road_name":"Провидения-Аэропорт","from_mia":true,"road_drawbacks":[{"drawback_code":"00","drawback_name":"Отсутствие недостатков транспортно-эксплуатационного состояния проезжей части"}],"loss_child_amount":"0","author":null,"participants":[],"mark":-3,"infractions":[],"num_of_victim":1,"mt_rate_code":"1","em_place_latitude":"64.4275","road_type_code":"7","there_road_constructions":[{"rd_constr_name":"Отсутствие в непосредственной близости объектов УДС и объектов притяжения","rd_constr_code":"00"}],"geo_code":{"latitude":64.4275,"longitude":173.2189},"here_road_constructions":[{"rd_constr_name":"Перегон (нет объектов на месте ДТП)","rd_constr_code":"00"}],"road_significance_code":"2","region_name":"Чукотский автономный округ","em_moment_date":"12.05.2015","road_loc_m":"350","place_path":"ДВФО, Чукотский автономный округ, Провиденский район, Провидения","suffer_child_amount":"0","vehicles":[{"rudder_type_name":"","tyre_type_code":"1","rudder_type_code":"","damage_dispositions":[{"disp_code":"02","disp_name":"Передняя правая часть"},{"disp_code":"07","disp_name":"Левая сторона"}],"vl_sort":"1","tyre_type_name":"Летние","prod_type_name":"Мопеды с двигателоем внутреннего сгорания (менее 50 см. куб.)","technical_failures":"","okfs_code":"06","okfs_name":"Частная собственность","prod_type_code":"63","vl_year":"2013"}],"em_place_longitude":"173.2189","road_type_name":"категория V","address":"ДВФО, Чукотский автономный округ, Провиденский район, Провидения","road_loc":"0","tr_area_state_code":"1","transp_amount":"","num_of_fatalities":0,"okato_code":"77220551000","mt_rate_name":"Режим движения не изменялся","num_of_party":0,"created_at":{"$numberLong":"146661866578229"},"road_code":"","num_of_vehicle":0,"em_type_name":"Опрокидывание","road_significance_name":"Региональная или межмуниципальная (дорога регионального или межмуниципального значения)"}
{"_id":{"$oid":"57e2b636fea3b2c554a483b4"},"tr_area_state_name":"Мокрое","suffer_amount":"1","region_code":"1177","motion_influences":[{"mt_inf_name":"Факторы отсутствуют","mt_inf_code":"0"}],"place_id":{"$numberLong":"146661863557893"},"datetime":{"$numberLong":"143422680000000"},"em_moment_time":"23:20","hidden_by_okato":false,"type":"Опрокидывание","em_type_code":"2","is_hidden":false,"loss_amount":"0","light_type_name":"Сумерки","light_type_code":"2","road_name":"Провидения-Аэропорт","from_mia":true,"road_drawbacks":[{"drawback_code":"00","drawback_name":"Отсутствие недостатков транспортно-эксплуатационного состояния проезжей части"}],"loss_child_amount":"0","author":null,"participants":[],"mark":-3,"infractions":[],"num_of_victim":1,"mt_rate_code":"1","em_place_latitude":"64.4275","road_type_code":"7","there_road_constructions":[{"rd_constr_name":"Отсутствие в непосредственной близости объектов УДС и объектов притяжения","rd_constr_code":"00"}],"geo_code":{"latitude":64.4275,"longitude":173.2167},"here_road_constructions":[{"rd_constr_name":"Перегон (нет объектов на месте ДТП)","rd_constr_code":"00"}],"road_significance_code":"2","region_name":"Чукотский автономный округ","em_moment_date":"13.06.2015","road_loc_m":"790","place_path":"ДВФО, Чукотский автономный округ, Провиденский район, Провидения","suffer_child_amount":"0","vehicles":[{"rudder_type_name":"Иной","tyre_type_code":"2","rudder_type_code":"7","damage_dispositions":[{"disp_code":"06","disp_name":"Задняя левая часть"},{"disp_code":"07","disp_name":"Левая сторона"}],"vl_sort":"1","tyre_type_name":"Всесезонные","prod_type_name":"Квадроциклы","technical_failures":[{"fail_type_code":"00","fail_type_name":"Технические неисправности отсутствуют"}],"okfs_code":"06","okfs_name":"Частная собственность","prod_type_code":"68","vl_year":"2011"}],"em_place_longitude":"173.2167","road_type_name":"категория V","address":"ДВФО, Чукотский автономный округ, Провиденский район, Провидения","road_loc":"1","tr_area_state_code":"2","transp_amount":"","num_of_fatalities":0,"okato_code":"77220551000","mt_rate_name":"Режим движения не изменялся","num_of_party":0,"created_at":{"$numberLong":"146661863557893"},"road_code":"","num_of_vehicle":0,"em_type_name":"Опрокидывание","road_significance_name":"Региональная или межмуниципальная (дорога регионального или межмуниципального значения)"}
{"_id":{"$oid":"57e2b638fea3b2c554a48bde"},"tr_area_state_name":"Сухое","suffer_amount":"1","region_code":"1177","motion_influences":[{"mt_inf_name":"Факторы отсутствуют","mt_inf_code":"0"}],"place_id":{"$numberLong":"146661850611382"},"datetime":{"$numberLong":"143488620000000"},"em_moment_time":"14:30","hidden_by_okato":false,"type":"Опрокидывание","em_type_code":"2","is_hidden":false,"loss_amount":"0","light_type_name":"Светлое время суток","light_type_code":"1","road_name":"Анадырь-Аэропорт","from_mia":true,"road_drawbacks":[{"drawback_code":"00","drawback_name":"Отсутствие недостатков транспортно-эксплуатационного состояния проезжей части"}],"loss_child_amount":"0","author":null,"participants":[],"mark":-3,"infractions":[],"num_of_victim":1,"mt_rate_code":"1","em_place_latitude":"64.7278","road_type_code":"6","there_road_constructions":[{"rd_constr_name":"Остановка общественного транспорта","rd_constr_code":"01"}],"geo_code":{"latitude":64.7278,"longitude":177.6988},"here_road_constructions":[{"rd_constr_name":"Перегон (нет объектов на месте ДТП)","rd_constr_code":"00"}],"road_significance_code":"1","region_name":"Чукотский автономный округ","em_moment_date":"21.06.2015","road_loc_m":"0","place_path":"ДВФО, Чукотский автономный округ, Анадырский район, Угольные Копи","suffer_child_amount":"0","vehicles":[{"rudder_type_name":"Полноприводный (правый руль)","tyre_type_code":"2","rudder_type_code":"6","damage_dispositions":[{"disp_code":"01","disp_name":"Передняя часть"},{"disp_code":"02","disp_name":"Передняя правая часть"},{"disp_code":"09","disp_name":"Крыша"}],"vl_sort":"1","tyre_type_name":"Всесезонные","prod_type_name":"Легковые автомобили В-класса (малый) до 3,9 м","technical_failures":[{"fail_type_code":"00","fail_type_name":"Технические неисправности отсутствуют"}],"okfs_code":"06","okfs_name":"Частная собственность","prod_type_code":"11","vl_year":"1988"}],"em_place_longitude":"177.6988","road_type_name":"категория IV","address":"ДВФО, Чукотский автономный округ, Анадырский район, Угольные Копи","road_loc":"25","tr_area_state_code":"1","transp_amount":"","num_of_fatalities":0,"okato_code":"77203557000","mt_rate_name":"Режим движения не изменялся","num_of_party":0,"created_at":{"$numberLong":"146661850611382"},"road_code":"","num_of_vehicle":0,"em_type_name":"Опрокидывание","road_significance_name":"Федеральная (дорога федерального значения)"}
{"_id":{"$oid":"57e2b640fea3b2c554a4c8a0"},"tr_area_state_name":"Сухое","suffer_amount":"1","region_code":"1177","motion_influences":[{"mt_inf_name":"Факторы отсутствуют","mt_inf_code":"0"}],"place_id":{"$numberLong":"146661824461544"},"datetime":{"$numberLong":"143921910000000"},"em_moment_time":"18:05","hidden_by_okato":false,"type":"Съезд с дороги","em_type_code":"91","is_hidden":false,"loss_amount":"0","light_type_name":"Светлое время суток","light_type_code":"1","road_name":"Эгвекинот - Мыс Шмидта","from_mia":true,"road_drawbacks":[{"drawback_code":"00","drawback_name":"Отсутствие недостатков транспортно-эксплуатационного состояния проезжей части"}],"loss_child_amount":"0","author":null,"participants":[],"mark":-3,"infractions":[],"num_of_victim":1,"mt_rate_code":"1","em_place_latitude":"66.3167","road_type_code":"","there_road_constructions":[{"rd_constr_name":"Отсутствие в непосредственной близости объектов УДС и объектов притяжения","rd_constr_code":"00"}],"geo_code":{"latitude":66.3167,"longitude":179.1167},"here_road_constructions":[{"rd_constr_name":"Перегон (нет объектов на месте ДТП)","rd_constr_code":"00"}],"road_significance_code":"2","region_name":"Чукотский автономный округ","em_moment_date":"10.08.2015","road_loc_m":"711","place_path":"ДВФО, Чукотский автономный округ, Иультинский район, Эгвекинот","suffer_child_amount":"0","vehicles":[{"rudder_type_name":"Задний (левый руль)","tyre_type_code":"1","rudder_type_code":"2","damage_dispositions":[{"disp_code":"01","disp_name":"Передняя часть"},{"disp_code":"02","disp_name":"Передняя правая часть"},{"disp_code":"09","disp_name":"Крыша"}],"vl_sort":"1","tyre_type_name":"Летние","prod_type_name":"Самосвалы","technical_failures":[{"fail_type_code":"00","fail_type_name":"Технические неисправности отсутствуют"}],"okfs_code":"04","okfs_name":"Собственность общественных и религиозных организаций (объединений)","prod_type_code":"05","vl_year":"2011"}],"em_place_longitude":"179.1167","road_type_name":"Автомобильная дорога федерального значения 5 категории","address":"ДВФО, Чукотский автономный округ, Иультинский район, Эгвекинот","road_loc":"8","tr_area_state_code":"1","transp_amount":"1","num_of_fatalities":0,"okato_code":"77215551000","mt_rate_name":"Режим движения не изменялся","num_of_party":0,"created_at":{"$numberLong":"146661824461544"},"road_code":"8705","num_of_vehicle":1,"em_type_name":"Съезд с дороги","road_significance_name":"Региональная или межмуниципальная (дорога регионального или межмуниципального значения)"}
{"_id":{"$oid":"57e2b64afea3b2c554a50a66"},"tr_area_state_name":"Сухое","suffer_amount":"1","region_code":"1177","motion_influences":[{"mt_inf_name":"Факторы отсутствуют","mt_inf_code":"0"}],"place_id":{"$numberLong":"146661802395214"},"datetime":{"$numberLong":"144343260000000"},"em_moment_time":"12:30","hidden_by_okato":false,"type":"Съезд с дороги","em_type_code":"91","is_hidden":false,"loss_amount":"0","light_type_name":"Светлое время суток","light_type_code":"1","road_name":"Анадырь-Аэропорт","from_mia":true,"road_drawbacks":[{"drawback_code":"00","drawback_name":"Отсутствие недостатков транспортно-эксплуатационного состояния проезжей части"}],"loss_child_amount":"0","author":null,"participants":[],"mark":-3,"infractions":[],"num_of_victim":1,"mt_rate_code":"1","em_place_latitude":"64.8831","road_type_code":"","there_road_constructions":[{"rd_constr_name":"Отсутствие в непосредственной близости объектов УДС и объектов притяжения","rd_constr_code":"00"}],"geo_code":{"latitude":64.8831,"longitude":177.5936},"here_road_constructions":[{"rd_constr_name":"Перегон (нет объектов на месте ДТП)","rd_constr_code":"00"}],"road_significance_code":"1","region_name":"Чукотский автономный округ","em_moment_date":"28.09.2015","road_loc_m":"700","place_path":"ДВФО, Чукотский автономный округ, Анадырский район, Угольные Копи","suffer_child_amount":"0","vehicles":[{"rudder_type_name":"Полноприводный (правый руль)","tyre_type_code":"2","rudder_type_code":"6","damage_dispositions":"","vl_sort":"1","tyre_type_name":"Всесезонные","prod_type_name":"Легковые автомобили D-класса (средний) до 4,6 м","technical_failures":[{"fail_type_code":"00","fail_type_name":"Технические неисправности отсутствуют"}],"okfs_code":"06","okfs_name":"Частная собственность","prod_type_code":"13","vl_year":"1988"}],"em_place_longitude":"177.5936","road_type_name":"Автомобильная дорога федерального значения 4 категории","address":"ДВФО, Чукотский автономный округ, Анадырский район, Угольные Копи","road_loc":"29","tr_area_state_code":"1","transp_amount":"1","num_of_fatalities":0,"okato_code":"77203557000","mt_rate_name":"Режим движения не изменялся","num_of_party":0,"created_at":{"$numberLong":"146661802395214"},"road_code":"","num_of_vehicle":1,"em_type_name":"Съезд с дороги","road_significance_name":"Федеральная (дорога федерального значения)"}
{"_id":{"$oid":"57e2b64bfea3b2c554a518c9"},"tr_area_state_name":"Сухое","suffer_amount":"1","region_code":"1177","motion_influences":[{"mt_inf_name":"Факторы отсутствуют","mt_inf_code":"0"}],"place_id":{"$numberLong":"146661787711692"},"datetime":{"$numberLong":"144428730000000"},"em_moment_time":"09:55","hidden_by_okato":false,"type":"Наезд на пешехода","em_type_code":"5","is_hidden":false,"loss_amount":"0","light_type_name":"Светлое время суток","light_type_code":"1","road_name":"Анадырь-Аэропорт","from_mia":true,"road_drawbacks":[{"drawback_code":"00","drawback_name":"Отсутствие недостатков транспортно-эксплуатационного состояния проезжей части"}],"loss_child_amount":"0","author":null,"participants":[],"mark":-3,"infractions":[],"num_of_victim":1,"mt_rate_code":"1","em_place_latitude":"64.6961","road_type_code":"","there_road_constructions":[{"rd_constr_name":"Отсутствие в непосредственной близости объектов УДС и объектов притяжения","rd_constr_code":"00"}],"geo_code":{"latitude":64.6961,"longitude":177.0625},"here_road_constructions":[{"rd_constr_name":"Перегон (нет объектов на месте ДТП)","rd_constr_code":"00"}],"road_significance_code":"1","region_name":"Чукотский автономный округ","em_moment_date":"08.10.2015","road_loc_m":"0","place_path":"ДВФО, Чукотский автономный округ, Анадырский район, Угольные Копи","suffer_child_amount":"0","vehicles":[{"rudder_type_name":"Полноприводный (правый руль)","tyre_type_code":"2","rudder_type_code":"6","damage_dispositions":[{"disp_code":"08","disp_name":"Передняя левая часть"}],"vl_sort":"1","tyre_type_name":"Всесезонные","prod_type_name":"Легковые автомобили D-класса (средний) до 4,6 м","technical_failures":[{"fail_type_code":"00","fail_type_name":"Технические неисправности отсутствуют"}],"okfs_code":"06","okfs_name":"Частная собственность","prod_type_code":"13","vl_year":"2000"},{"rudder_type_name":"Полноприводный (правый руль)","tyre_type_code":"2","rudder_type_code":"6","damage_dispositions":"","vl_sort":"2","tyre_type_name":"Всесезонные","prod_type_name":"Прочие грузовые автомобили","technical_failures":[{"fail_type_code":"00","fail_type_name":"Технические неисправности отсутствуют"}],"okfs_code":"06","okfs_name":"Частная собственность","prod_type_code":"08","vl_year":"1994"}],"em_place_longitude":"177.0625","road_type_name":"Автомобильная дорога федерального значения 4 категории","address":"ДВФО, Чукотский автономный округ, Анадырский район, Угольные Копи","road_loc":"26","tr_area_state_code":"1","transp_amount":"2","num_of_fatalities":0,"okato_code":"77203557000","mt_rate_name":"Режим движения не изменялся","num_of_party":0,"created_at":{"$numberLong":"146661787711692"},"road_code":"","num_of_vehicle":2,"em_type_name":"Наезд на пешехода","road_significance_name":"Федеральная (дорога федерального значения)"}
{"_id":{"$oid":"57e2b656fea3b2c554a55b4b"},"tr_area_state_name":"Обработанное противогололедными материалами","suffer_amount":"2","region_code":"1177","motion_influences":[{"mt_inf_name":"Факторы отсутствуют","mt_inf_code":"0"}],"place_id":{"$numberLong":"146661780310407"},"datetime":{"$numberLong":"144864540000000"},"em_moment_time":"20:30","hidden_by_okato":false,"type":"Столкновение","em_type_code":"1","is_hidden":false,"loss_amount":"0","light_type_name":"В темное время суток, освещение не включено","light_type_code":"4","road_name":"Анадырь-Аэропорт","from_mia":true,"road_drawbacks":[{"drawback_code":"25","drawback_name":"Неисправное освещение"}],"loss_child_amount":"0","author":null,"participants":[],"mark":1,"infractions":[],"num_of_victim":2,"mt_rate_code":"1","em_place_latitude":"64.7364","road_type_code":"5","there_road_constructions":[{"rd_constr_name":"Производственное предприятие","rd_constr_code":"12"},{"rd_constr_name":"Административные здания","rd_constr_code":"13"}],"geo_code":{"latitude":64.7363605,"longitude":177.4937499},"here_road_constructions":[{"rd_constr_name":"Нерегулируемый перекрёсток неравнозначных улиц (дорог)","rd_constr_code":"10"}],"road_significance_code":"1","region_name":"Чукотский автономный округ","em_moment_date":"27.11.2015","road_loc_m":"200","place_path":"ДВФО, Чукотский автономный округ, Анадырь","suffer_child_amount":"0","vehicles":[{"rudder_type_name":"Полноприводный (правый руль)","tyre_type_code":"3","rudder_type_code":"6","damage_dispositions":[{"disp_code":"01","disp_name":"Передняя часть"},{"disp_code":"08","disp_name":"Передняя левая часть"}],"vl_sort":"1","tyre_type_name":"Зимние","prod_type_name":"Легковые автомобили В-класса (малый) до 3,9 м","technical_failures":[{"fail_type_code":"00","fail_type_name":"Технические неисправности отсутствуют"}],"okfs_code":"06","okfs_name":"Частная собственность","prod_type_code":"11","vl_year":"1990"},{"rudder_type_name":"Иной","tyre_type_code":"5","rudder_type_code":"7","damage_dispositions":[{"disp_code":"06","disp_name":"Задняя левая часть"},{"disp_code":"07","disp_name":"Левая сторона"}],"vl_sort":"2","tyre_type_name":"Иной","prod_type_name":"Cнегоходы","technical_failures":[{"fail_type_code":"04","fail_type_name":"Внешних световых приборов"}],"okfs_code":"06","okfs_name":"Частная собственность","prod_type_code":"70","vl_year":""}],"em_place_longitude":"177.4925","road_type_name":"категория III","address":"ДВФО, Чукотский автономный округ, Анадырь","road_loc":"5","tr_area_state_code":"7","transp_amount":"2","num_of_fatalities":0,"okato_code":"77401000000","mt_rate_name":"Режим движения не изменялся","num_of_party":0,"created_at":{"$numberLong":"146661780310407"},"road_code":"","num_of_vehicle":2,"em_type_name":"Столкновение","road_significance_name":"Федеральная (дорога федерального значения)"}
{"_id":{"$oid":"57e2b656fea3b2c554a55c63"},"tr_area_state_name":"Обработанное противогололедными материалами","suffer_amount":"1","region_code":"1177","motion_influences":[{"mt_inf_name":"Факторы отсутствуют","mt_inf_code":"0"}],"place_id":{"$numberLong":"146661780166870"},"datetime":{"$numberLong":"144872820000000"},"em_moment_time":"19:30","hidden_by_okato":false,"type":"Опрокидывание","em_type_code":"2","is_hidden":false,"loss_amount":"0","light_type_name":"В темное время суток, освещение отсутствует","light_type_code":"5","road_name":"подъездная дорога от г. Анадыря к аэропорту Анадыря (Угольный) ","from_mia":true,"road_drawbacks":[{"drawback_code":"00","drawback_name":"Отсутствие недостатков транспортно-эксплуатационного состояния проезжей части"}],"loss_child_amount":"0","author":null,"participants":[],"mark":1,"infractions":[],"num_of_victim":1,"mt_rate_code":"1","em_place_latitude":"64.7364","road_type_code":"5","there_road_constructions":[{"rd_constr_name":"АЗС","rd_constr_code":"07"},{"rd_constr_name":"Гаражные постройки (гаражный кооператив, товарищество либо иное место концентрированного размещения гаражей)","rd_constr_code":"33"}],"geo_code":{"latitude":64.7363605,"longitude":177.4937499},"here_road_constructions":[{"rd_constr_name":"Нерегулируемый перекрёсток неравнозначных улиц (дорог)","rd_constr_code":"10"}],"road_significance_code":"1","region_name":"Чукотский автономный округ","em_moment_date":"28.11.2015","road_loc_m":"800","place_path":"ДВФО, Чукотский автономный округ, Анадырь","suffer_child_amount":"0","vehicles":[{"rudder_type_name":"Полноприводный (правый руль)","tyre_type_code":"3","rudder_type_code":"6","damage_dispositions":[{"disp_code":"05","disp_name":"Задняя часть"},{"disp_code":"06","disp_name":"Задняя левая часть"},{"disp_code":"09","disp_name":"Крыша"}],"vl_sort":"1","tyre_type_name":"Зимние","prod_type_name":"Легковые автомобили В-класса (малый) до 3,9 м","technical_failures":[{"fail_type_code":"00","fail_type_name":"Технические неисправности отсутствуют"}],"okfs_code":"06","okfs_name":"Частная собственность","prod_type_code":"11","vl_year":"1983"}],"em_place_longitude":"177.4925","road_type_name":"категория III","address":"ДВФО, Чукотский автономный округ, Анадырь","road_loc":"1","tr_area_state_code":"7","transp_amount":"1","num_of_fatalities":0,"okato_code":"77401000000","mt_rate_name":"Режим движения не изменялся","num_of_party":0,"created_at":{"$numberLong":"146661780166870"},"road_code":"002384","num_of_vehicle":1,"em_type_name":"Опрокидывание","road_significance_name":"Федеральная (дорога федерального значения)"}
